line,line_key,colour,seq,x,y,name,sub,marker,label_pos
GTX-A,1-GA,9F6181,0,257.0,154.0,수서,,interchange,E
GTX-A,1-GA,9F6181,1,257.0,155.0,,,,
GTX-A,1-GA,9F6181,2,256.0,156.0,,,,
GTX-A,1-GA,9F6181,3,232.0,156.0,,,,
GTX-A,1-GA,9F6181,4,231.0,157.0,,,,
GTX-A,1-GA,9F6181,5,231.0,159.0,성남,,interchange,NW
GTX-A,1-GA,9F6181,6,231.0,176.0,,,,
GTX-A,1-GA,9F6181,7,230.0,177.0,,,,
GTX-A,1-GA,9F6181,8,190.0,177.0,,,,
GTX-A,1-GA,9F6181,9,189.0,176.0,,,,
GTX-A,1-GA,9F6181,10,189.0,174.0,구성,,interchange,NW
GTX-A,1-GA,9F6181,11,189.0,171.0,,,,
GTX-A,1-GA,9F6181,12,188.0,170.0,,,,
GTX-A,1-GA,9F6181,13,160.0,170.0,동탄,,,NW
GTX-A,1-GA,9F6181,14,150.0,170.0,,,,
GTX-A,1-GA,9F6181,15,8.0,28.0,,,,
GTX-A,1-GA,9F6181,16,14.0,28.0,운정중앙,,,N
GTX-A,1-GA,9F6181,17,27.0,28.0,킨텍스,,,N
GTX-A,1-GA,9F6181,18,43.0,28.0,,,,
GTX-A,1-GA,9F6181,19,46.0,29.0,,,,
GTX-A,1-GA,9F6181,20,51.0,35.0,대곡,,interchange,SW
GTX-A,1-GA,9F6181,21,52.0,36.0,,,,
GTX-A,1-GA,9F6181,22,55.0,37.0,,,,
GTX-A,1-GA,9F6181,23,84.0,37.0,,,,
GTX-A,1-GA,9F6181,24,86.0,36.0,,,,
GTX-A,1-GA,9F6181,25,87.0,35.0,연신내,,interchange,SW
GTX-A,1-GA,9F6181,26,87.0,39.0,,,,
GTX-A,1-GA,9F6181,27,88.0,41.0,,,,
GTX-A,1-GA,9F6181,28,125.0,78.0,,,,
GTX-A,1-GA,9F6181,29,127.0,79.0,,,,
GTX-A,1-GA,9F6181,30,131.0,79.0,서울역,,interchange,NE
1호선,2-1,052F93,0,107.0,8.0,,,,
1호선,2-1,052F93,1,113.0,8.0,연천,,,S
1호선,2-1,052F93,2,118.0,8.0,전곡,,,S
1호선,2-1,052F93,3,120.0,8.0,,,,
1호선,2-1,052F93,4,122.0,9.0,,,,
1호선,2-1,052F93,5,124.0,11.0,청산,,,WS
1호선,2-1,052F93,6,125.0,12.0,,,,
1호선,2-1,052F93,7,127.0,13.0,,,,
1호선,2-1,052F93,8,129.0,13.0,소요산,,,
1호선,2-1,052F93,9,136.0,13.0,동두천,,,
1호선,2-1,052F93,10,142.0,13.0,보산,,,
1호선,2-1,052F93,11,148.5,13.0,동두천중앙,,,
1호선,2-1,052F93,12,155.0,13.0,지행,,,
1호선,2-1,052F93,13,161.0,13.0,덕정,,,
1호선,2-1,052F93,14,168.0,13.0,덕계,,,
1호선,2-1,052F93,15,174.0,13.0,양주,,,
1호선,2-1,052F93,16,180.5,13.0,녹양,,,
1호선,2-1,052F93,17,187.0,13.0,가능,,,
1호선,2-1,052F93,18,193.0,13.0,의정부,,,
1호선,2-1,052F93,19,198.5,13.0,회룡,,interchange,NE
1호선,2-1,052F93,20,206.0,13.0,망월사,,,
1호선,2-1,052F93,21,213.0,13.0,,,,
1호선,2-1,052F93,22,214.0,14.0,,,,
1호선,2-1,052F93,23,214.0,16.0,도봉산,,interchange,NE
1호선,2-1,052F93,24,214.0,20.0,도봉,,,E
1호선,2-1,052F93,25,214.0,24.0,방학,,,E
1호선,2-1,052F93,26,214.0,31.0,창동,,interchange,NE
1호선,2-1,052F93,27,214.0,34.5,녹천,,,E
1호선,2-1,052F93,28,214.0,38.0,월계,인덕대학,,E
1호선,2-1,052F93,29,214.0,42.0,광운대,,interchange,E
1호선,2-1,052F93,30,214.0,45.0,석계,,interchange,SE
1호선,2-1,052F93,31,214.0,47.0,,,,
1호선,2-1,052F93,32,213.0,49.0,신이문,,station,SE
1호선,2-1,052F93,33,210.0,52.0,외대앞,,station,SE
1호선,2-1,052F93,34,208.0,54.0,,,,
1호선,2-1,052F93,35,206.0,55.0,회기,,interchange,N
1호선,2-1,052F93,36,199.0,55.0,청량리,서울시립대입구,interchange,N
1호선,2-1,052F93,37,192.0,55.0,제기동,,,N
1호선,2-1,052F93,38,186.0,55.0,신설동,,interchange,S
1호선,2-1,052F93,39,180.0,55.0,동묘앞,,interchange,SW
1호선,2-1,052F93,40,173.0,55.0,동대문,,interchange,SW
1호선,2-1,052F93,41,159.0,55.0,종로5가,,,N
1호선,2-1,052F93,42,143.0,55.0,종로3가,,interchange,NE
1호선,2-1,052F93,43,136.0,62.0,종각,,,NW
1호선,2-1,052F93,44,132.0,66.0,,,,
1호선,2-1,052F93,45,131.0,68.0,,,,
1호선,2-1,052F93,46,131.0,69.0,시청,,interchange,NW
1호선,2-1,052F93,47,131.0,82.0,서울역,,interchange,NE
1호선,2-1,052F93,48,131.0,88.0,남영,,,E
1호선,2-1,052F93,49,131.0,109.0,용산,,interchange,NE
1호선,2-1,052F93,50,131.0,112.0,,,,
1호선,2-1,052F93,51,130.0,113.0,,,,
1호선,2-1,052F93,52,118.0,113.0,노량진,,interchange,SW
1호선,2-1,052F93,53,107.8,113.0,,,,
1호선,2-1,052F93,54,105.8,112.0,,,,
1호선,2-1,052F93,55,102.5,109.0,대방,,interchange,SW
1호선,2-1,052F93,56,96.0,103.0,,,,
1호선,2-1,052F93,57,95.0,103.0,신길,,interchange,N
1호선,2-1,052F93,58,92.0,106.0,영등포,,,NW
1호선,2-1,052F93,59,88.0,110.0,신도림,,interchange,E
1호선,2-1,052F93,60,83.0,115.0,구로,,interchange,E
1호선,2-1,052F93,61,80.0,118.0,구일,동양미래대학,,NW
1호선,2-1,052F93,62,78.0,119.0,,,,
1호선,2-1,052F93,63,76.0,119.0,개봉,,,S
1호선,2-1,052F93,64,71.0,119.0,오류동,,,S
1호선,2-1,052F93,65,68.0,119.0,,,,
1호선,2-1,052F93,66,66.0,120.0,온수,성공회대입구,interchange,N
1호선,2-1,052F93,67,61.0,125.0,역곡,가톨릭대앞,,NW
1호선,2-1,052F93,68,57.0,129.0,소사,서울신대,interchange,SE
1호선,2-1,052F93,69,53.0,133.0,,,,
1호선,2-1,052F93,70,51.0,134.0,부천,부천대학교,,N
1호선,2-1,052F93,71,44.5,134.0,중동,,,N
1호선,2-1,052F93,72,39.0,134.0,송내,,,N
1호선,2-1,052F93,73,33.5,134.0,부개,,,N
1호선,2-1,052F93,74,28.0,134.0,부평,,interchange,SW
1호선,2-1,052F93,75,23.0,134.0,백운,,,N
1호선,2-1,052F93,76,21.0,134.0,,,,
1호선,2-1,052F93,77,19.0,136.0,,,,
1호선,2-1,052F93,78,19.0,139.5,동암,,,E
1호선,2-1,052F93,79,19.0,143.0,간석,,,E
1호선,2-1,052F93,80,19.0,147.0,주안,,interchange,SE
1호선,2-1,052F93,81,19.0,152.0,도화,,,W
1호선,2-1,052F93,82,19.0,158.0,,,,
1호선,2-1,052F93,83,21.0,160.0,,,,
1호선,2-1,052F93,84,25.0,160.0,제물포,"인천대학교
제물포캠퍼스",,N
1호선,2-1,052F93,85,31.0,160.0,도원,,,N
1호선,2-1,052F93,86,37.0,160.0,동인천,,,N
1호선,2-1,052F93,87,44.0,160.0,인천,,interchange,N
1호선,2-1,052F93,88,46.0,154.0,,,,
1호선,2-1,052F93,90,83.0,128.0,"가산
디지털단지",,interchange,SW
1호선,2-1,052F93,91,83.0,137.0,독산,하안동입구,,E
1호선,2-1,052F93,92,83.0,144.0,금천구청,,interchange,NE
1호선,2-1,052F93,93,78.0,140.0,광명,,,W
1호선,2-1,052F93,94,81.0,143.0,,,,
1호선,2-1,052F93,95,83.0,144.0,금천구청,,interchange,NE
1호선,2-1,052F93,96,94.0,144.0,석수,,,
1호선,2-1,052F93,97,102.0,144.0,,,,
1호선,2-1,052F93,98,103.0,145.0,,,,
1호선,2-1,052F93,99,103.0,150.0,관악,,,W
1호선,2-1,052F93,100,103.0,158.0,안양,,,W
1호선,2-1,052F93,101,103.0,166.0,명학,성결대학교,,W
1호선,2-1,052F93,102,103.0,172.0,금정,,interchange,SE
1호선,2-1,052F93,103,103.0,178.0,,,,
1호선,2-1,052F93,104,104.0,180.0,,,,
1호선,2-1,052F93,105,106.0,182.0,군포,,,NE
1호선,2-1,052F93,106,110.0,186.0,당정,한세대,,SW
1호선,2-1,052F93,107,113.0,189.0,,,,
1호선,2-1,052F93,108,115.0,190.0,,,,
1호선,2-1,052F93,109,117.0,190.0,의왕,한국교통대,,N
1호선,2-1,052F93,110,124.0,190.0,성균관대,,,N
1호선,2-1,052F93,111,129.5,190.0,화서,,,N
1호선,2-1,052F93,112,134.0,190.0,수원,,interchange,SE
1호선,2-1,052F93,113,139.5,190.0,세류,,,N
1호선,2-1,052F93,114,146.0,190.0,병점,,interchange,S
1호선,2-1,052F93,115,152.0,190.0,세마,,,N
1호선,2-1,052F93,116,159.0,190.0,오산대,,,N
1호선,2-1,052F93,117,165.0,190.0,오산,,,N
1호선,2-1,052F93,118,171.0,190.0,진위,,,N
1호선,2-1,052F93,119,177.0,190.0,송탄,,,N
1호선,2-1,052F93,120,183.5,190.0,서정리,,,N
1호선,2-1,052F93,121,190.0,190.0,평택지제,,,N
1호선,2-1,052F93,122,196.0,190.0,평택,,,N
1호선,2-1,052F93,123,202.0,190.0,성환,,,N
1호선,2-1,052F93,124,208.0,190.0,직산,,,N
1호선,2-1,052F93,125,214.0,190.0,두정,,,N
1호선,2-1,052F93,126,220.0,190.0,천안,,,N
1호선,2-1,052F93,127,226.0,190.0,봉명,,,N
1호선,2-1,052F93,128,233.0,190.0,쌍용,나사렛대,,N
1호선,2-1,052F93,129,239.5,190.0,아산,,,N
1호선,2-1,052F93,130,246.0,190.0,탕정,,,N
1호선,2-1,052F93,131,254.0,190.0,배방,,,N
1호선,2-1,052F93,132,262.0,190.0,온양온천,,,N
1호선,2-1,052F93,133,270.0,190.0,신창,순천향대,,N
1호선,2-1,052F93,134,278.0,190.0,,,,
1호선,2-1,052F93,136,146.0,184.0,서동탄,,,N
2호선,3-2,10A643,0,58.0,92.0,까치산,,interchange,N
2호선,3-2,10A643,1,65.0,99.0,신정네거리,,,NE
2호선,3-2,10A643,2,69.0,103.0,양천구청,,,NE
2호선,3-2,10A643,3,73.0,107.0,도림천,,,NE
2호선,3-2,10A643,4,75.0,109.0,,,,
2호선,3-2,10A643,5,77.0,110.0,,,,
2호선,3-2,10A643,6,87.0,110.0,신도림,,interchange,E
2호선,3-2,10A643,7,87.0,110.0,,,,
2호선,3-2,10A643,8,84.0,107.0,,,,
2호선,3-2,10A643,9,83.0,105.0,,,,
2호선,3-2,10A643,10,83.0,100.0,문래,,,E
2호선,3-2,10A643,11,83.0,92.0,영등포구청,,interchange,SW
2호선,3-2,10A643,12,83.0,90.0,,,,
2호선,3-2,10A643,13,84.0,89.0,,,,
2호선,3-2,10A643,14,92.0,89.0,당산,,interchange,SW
2호선,3-2,10A643,15,102.0,89.0,합정,,interchange,S
2호선,3-2,10A643,16,104.0,89.0,,,,
2호선,3-2,10A643,17,106.0,88.0,,,,
2호선,3-2,10A643,18,110.0,84.0,,,,
2호선,3-2,10A643,19,110.0,82.0,홍대입구,,interchange,NE
2호선,3-2,10A643,20,110.0,76.5,신촌,지하,,E
2호선,3-2,10A643,21,110.0,74.0,이대,,,W
2호선,3-2,10A643,22,110.0,71.0,아현,,,W
2호선,3-2,10A643,23,112.0,69.0,,,,
2호선,3-2,10A643,24,121.0,69.0,충정로,경기대입구,interchange,NW
2호선,3-2,10A643,25,131.0,69.0,시청,,interchange,NW
2호선,3-2,10A643,26,138.0,69.0,을지로입구,,,N
2호선,3-2,10A643,27,144.0,69.0,을지로3가,,interchange,NE
2호선,3-2,10A643,28,158.0,69.0,을지로4가,,interchange,SW
2호선,3-2,10A643,29,170.0,69.0,,,,
2호선,3-2,10A643,30,170.0,68.0,"동대문역사
문화공원",,interchange,NW
2호선,3-2,10A643,31,170.0,69.0,,,,
2호선,3-2,10A643,32,180.0,69.0,신당,,interchange,SE
2호선,3-2,10A643,33,188.0,69.0,,,,
2호선,3-2,10A643,34,190.0,70.0,,,,
2호선,3-2,10A643,35,192.0,72.0,상왕십리,,,SW
2호선,3-2,10A643,36,198.0,78.0,왕십리,성동구청,interchange,NE
2호선,3-2,10A643,37,204.0,84.0,한양대,,,SW
2호선,3-2,10A643,38,207.0,87.0,뚝섬,,,SW
2호선,3-2,10A643,39,211.0,91.0,성수,,interchange,SW
2호선,3-2,10A643,40,216.0,96.0,,,,
2호선,3-2,10A643,41,218.0,97.0,,,,
2호선,3-2,10A643,42,233.0,97.0,건대입구,,interchange,NW
2호선,3-2,10A643,43,235.0,97.0,,,,
2호선,3-2,10A643,44,238.0,98.0,,,,
2호선,3-2,10A643,45,240.0,100.0,구의,광진구청,,NE
2호선,3-2,10A643,46,246.0,106.0,강변,동서울터미널,,NE
2호선,3-2,10A643,47,250.0,110.0,,,,
2호선,3-2,10A643,48,251.0,112.0,,,,
2호선,3-2,10A643,49,251.0,117.0,잠실나루,,,E
2호선,3-2,10A643,50,251.0,127.0,잠실,송파구청,interchange,W
2호선,3-2,10A643,51,251.0,135.0,,,,
2호선,3-2,10A643,52,250.0,136.0,,,,
2호선,3-2,10A643,53,248.0,136.0,잠실새내,,,N
2호선,3-2,10A643,54,229.0,136.0,종합운동장,,interchange,WS
2호선,3-2,10A643,55,217.0,136.0,삼성,무역센터,,N
2호선,3-2,10A643,56,203.0,136.0,선릉,,interchange,NW
2호선,3-2,10A643,57,194.0,136.0,역삼,,,N
2호선,3-2,10A643,58,184.0,136.0,강남,,interchange,N
2호선,3-2,10A643,59,172.0,136.0,교대,법원·검찰청,interchange,NW
2호선,3-2,10A643,60,161.0,136.0,서초,,,S
2호선,3-2,10A643,61,152.0,136.0,방배,,,S
2호선,3-2,10A643,62,141.0,136.0,사당,,interchange,NE
2호선,3-2,10A643,63,135.5,136.0,낙성대,,,S
2호선,3-2,10A643,64,127.0,136.0,서울대입구,관악구청,,S
2호선,3-2,10A643,65,117.0,136.0,봉천,,,S
2호선,3-2,10A643,66,109.0,136.0,신림,,interchange,S
2호선,3-2,10A643,67,100.0,136.0,신대방,,,S
2호선,3-2,10A643,68,94.0,136.0,,,,
2호선,3-2,10A643,69,92.0,134.0,구로디지털단지,,,E
2호선,3-2,10A643,70,92.0,128.0,대림,,interchange,SE
2호선,3-2,10A643,71,92.0,116.0,,,,
2호선,3-2,10A643,72,91.0,114.0,,,,
2호선,3-2,10A643,73,87.0,110.0,,,,
2호선,3-2,10A643,75,211.0,84.0,용답,,,E
2호선,3-2,10A643,76,211.0,80.0,,,,
2호선,3-2,10A643,77,210.0,78.0,,,,
2호선,3-2,10A643,78,195.0,63.0,신답,,,SW
2호선,3-2,10A643,79,191.0,59.0,용두,동대문구청,,SW
2호선,3-2,10A643,80,187.0,55.0,,,,
2호선,3-2,10A643,81,186.0,55.0,신설동,,interchange,S
3호선,4-3,DE6D00,0,8.0,35.0,,,,
3호선,4-3,DE6D00,1,16.0,35.0,대화,킨텍스,,N
3호선,4-3,DE6D00,2,24.0,35.0,주엽,,,N
3호선,4-3,DE6D00,3,31.5,35.0,정발산,,,N
3호선,4-3,DE6D00,4,38.9,35.0,마두,,,N
3호선,4-3,DE6D00,5,46.0,35.0,백석,,,N
3호선,4-3,DE6D00,6,50.0,35.0,대곡,,interchange,SW
3호선,4-3,DE6D00,7,57.5,35.0,화정,,,N
3호선,4-3,DE6D00,8,63.0,35.0,원당,,,N
3호선,4-3,DE6D00,9,68.0,35.0,원흥,,,N
3호선,4-3,DE6D00,10,73.0,35.0,삼송,,,N
3호선,4-3,DE6D00,11,78.2,35.0,지축,,,N
3호선,4-3,DE6D00,12,83.8,35.0,구파발,,,N
3호선,4-3,DE6D00,13,87.0,35.0,연신내,,interchange,SW
3호선,4-3,DE6D00,14,100.0,35.0,불광,,interchange,SE
3호선,4-3,DE6D00,15,108.5,35.0,녹번,,,N
3호선,4-3,DE6D00,16,115.0,35.0,홍제,,,N
3호선,4-3,DE6D00,17,121.0,35.0,무악재,,,N
3호선,4-3,DE6D00,18,123.0,35.0,,,,
3호선,4-3,DE6D00,19,125.0,36.0,,,,
3호선,4-3,DE6D00,20,129.0,40.0,독립문,,,NE
3호선,4-3,DE6D00,21,134.0,45.0,경복궁,정부서울청사,,NE
3호선,4-3,DE6D00,22,138.0,49.0,안국,,,NE
3호선,4-3,DE6D00,23,144.0,55.0,,,,
3호선,4-3,DE6D00,24,143.0,55.0,종로3가,,interchange,NE
3호선,4-3,DE6D00,25,144.0,55.0,,,,
3호선,4-3,DE6D00,26,144.0,69.0,을지로3가,,interchange,NE
3호선,4-3,DE6D00,27,155.0,80.0,충무로,,interchange,NE
3호선,4-3,DE6D00,28,162.0,87.0,동대입구,,,SW
3호선,4-3,DE6D00,29,170.0,95.0,약수,,interchange,NE
3호선,4-3,DE6D00,30,171.0,96.0,,,,
3호선,4-3,DE6D00,31,172.0,98.0,,,,
3호선,4-3,DE6D00,32,172.0,100.0,금호,,,E
3호선,4-3,DE6D00,33,172.0,106.0,옥수,,interchange,E
3호선,4-3,DE6D00,34,172.0,114.0,압구정,,,E
3호선,4-3,DE6D00,35,172.0,118.0,신사,,interchange,W
3호선,4-3,DE6D00,36,172.0,122.0,잠원,,,E
3호선,4-3,DE6D00,37,172.0,129.0,고속터미널,,interchange,SE
3호선,4-3,DE6D00,38,172.0,136.0,교대,법원·검찰청,interchange,NW
3호선,4-3,DE6D00,39,176.0,140.0,남부터미널,예술의전당,,SW
3호선,4-3,DE6D00,40,180.0,144.0,,,,
3호선,4-3,DE6D00,41,182.0,145.0,,,,
3호선,4-3,DE6D00,42,184.0,145.0,양재,서초구청,interchange,SW
3호선,4-3,DE6D00,43,192.0,145.0,매봉,,,N
3호선,4-3,DE6D00,44,203.0,145.0,도곡,,interchange,SE
3호선,4-3,DE6D00,45,213.0,145.0,대치,,,N
3호선,4-3,DE6D00,46,222.0,145.0,학여울,,,N
3호선,4-3,DE6D00,47,235.0,145.0,대청,,,N
3호선,4-3,DE6D00,48,244.0,145.0,일원,,,N
3호선,4-3,DE6D00,49,248.0,145.0,,,,
3호선,4-3,DE6D00,50,250.0,146.0,,,,
3호선,4-3,DE6D00,51,257.0,152.0,수서,,interchange,SE
3호선,4-3,DE6D00,52,266.5,143.5,가락시장,,interchange,W
3호선,4-3,DE6D00,53,275.0,135.0,경찰병원,,,NW
3호선,4-3,DE6D00,54,282.0,128.0,오금,,interchange,E
3호선,4-3,DE6D00,55,278.0,127.0,,,,
4호선,5-4,0099D1,0,262.0,12.0,,,,
4호선,5-4,0099D1,1,258.0,16.0,진접,,,NW
4호선,5-4,0099D1,2,254.0,20.0,오남,,,NW
4호선,5-4,0099D1,3,250.0,24.0,별내별가람,,,NW
4호선,5-4,0099D1,4,246.0,28.0,불암산,,,NW
4호선,5-4,0099D1,5,244.0,30.0,,,,
4호선,5-4,0099D1,6,242.0,31.0,,,,
4호선,5-4,0099D1,7,239.0,31.0,상계,,,N
4호선,5-4,0099D1,8,230.0,31.0,노원,,interchange,NE
4호선,5-4,0099D1,9,214.0,31.0,창동,,interchange,NE
4호선,5-4,0099D1,10,206.0,31.0,쌍문,,,N
4호선,5-4,0099D1,11,200.0,31.0,수유,강북구청,,N
4호선,5-4,0099D1,12,191.0,31.0,미아,서울사이버대학,,N
4호선,5-4,0099D1,13,183.0,31.0,미아사거리,,,N
4호선,5-4,0099D1,14,176.0,31.0,길음,,,N
4호선,5-4,0099D1,15,173.0,34.0,성신여대입구,돈암,interchange,W
4호선,5-4,0099D1,16,173.0,40.0,한성대입구,삼선교,,W
4호선,5-4,0099D1,17,173.0,46.0,혜화,,,W
4호선,5-4,0099D1,18,173.0,55.0,동대문,,interchange,SW
4호선,5-4,0099D1,19,173.0,66.0,,,,
4호선,5-4,0099D1,20,172.0,68.0,,,,
4호선,5-4,0099D1,21,170.0,70.0,"동대문역사
문화공원",,interchange,NW
4호선,5-4,0099D1,22,161.0,79.0,,,,
4호선,5-4,0099D1,23,159.0,80.0,,,,
4호선,5-4,0099D1,24,156.0,80.0,충무로,,interchange,NE
4호선,5-4,0099D1,25,149.0,80.0,명동,,,N
4호선,5-4,0099D1,26,143.0,80.0,회현,남대문시장,,N
4호선,5-4,0099D1,27,131.0,80.0,서울역,,interchange,NE
4호선,5-4,0099D1,28,138.0,87.0,숙대입구,서울시교육청,,NE
4호선,5-4,0099D1,29,140.0,89.0,,,,
4호선,5-4,0099D1,30,141.0,91.0,,,,
4호선,5-4,0099D1,31,141.0,95.0,삼각지,전쟁기념관,interchange,SW
4호선,5-4,0099D1,32,141.0,103.0,신용산,,,W
4호선,5-4,0099D1,33,141.0,109.0,이촌,국립중앙박물관,interchange,NE
4호선,5-4,0099D1,34,141.0,120.0,동작,현충원,interchange,NE
4호선,5-4,0099D1,35,141.0,128.0,총신대입구,이수,interchange,NE
4호선,5-4,0099D1,36,141.0,136.0,사당,,interchange,NE
4호선,5-4,0099D1,37,141.0,141.0,남태령,,,E
4호선,5-4,0099D1,38,141.0,145.0,선바위,,,E
4호선,5-4,0099D1,39,141.0,146.0,,,,
4호선,5-4,0099D1,40,140.0,148.0,,,,
4호선,5-4,0099D1,41,139.0,149.0,경마공원,,,SE
4호선,5-4,0099D1,42,135.0,153.0,대공원,서울랜드,,SE
4호선,5-4,0099D1,43,133.0,155.0,,,,
4호선,5-4,0099D1,44,131.0,156.0,과천,,,S
4호선,5-4,0099D1,45,124.0,156.0,정부과천청사,,,S
4호선,5-4,0099D1,46,120.0,156.0,,,,
4호선,5-4,0099D1,47,118.0,157.0,,,,
4호선,5-4,0099D1,48,115.0,160.0,인덕원,,,SE
4호선,5-4,0099D1,49,111.0,164.0,평촌,,,SE
4호선,5-4,0099D1,50,107.0,168.0,범계,,,SE
4호선,5-4,0099D1,51,103.0,172.0,금정,,interchange,SE
4호선,5-4,0099D1,52,99.0,176.0,산본,,,NW
4호선,5-4,0099D1,53,95.0,180.0,수리산,,,NW
4호선,5-4,0099D1,54,91.0,184.0,대야미,,,NW
4호선,5-4,0099D1,55,87.0,188.0,,,,
4호선,5-4,0099D1,56,85.0,189.0,,,,
4호선,5-4,0099D1,57,82.0,189.0,반월,,,N
4호선,5-4,0099D1,58,76.0,189.0,상록수,,,N
4호선,5-4,0099D1,59,70.0,189.0,한대앞,,interchange,N
4호선,5-4,0099D1,60,64.0,189.0,중앙,,interchange,S
4호선,5-4,0099D1,61,58.0,189.0,고잔,,interchange,N
4호선,5-4,0099D1,62,52.0,189.0,초지,,interchange,SE
4호선,5-4,0099D1,63,46.0,189.0,안산,,interchange,N
4호선,5-4,0099D1,64,39.0,189.0,신길온천,,interchange,N
4호선,5-4,0099D1,65,31.0,189.0,정왕,한국산업기술대,interchange,N
4호선,5-4,0099D1,66,20.0,189.0,오이도,,interchange,SE
4호선,5-4,0099D1,67,19.0,192.5,,,,
5호선,6-5,A95094,0,42.0,45.0,,,,
5호선,6-5,A95094,1,42.0,55.0,방화,,,E
5호선,6-5,A95094,2,42.0,62.0,개화산,,,E
5호선,6-5,A95094,3,42.0,71.0,"김포
공항",,interchange,SW
5호선,6-5,A95094,4,42.0,75.5,송정,,,E
5호선,6-5,A95094,5,42.0,80.5,마곡,,,E
5호선,6-5,A95094,6,42.0,85.8,발산,,,E
5호선,6-5,A95094,7,42.0,91.0,,,,
5호선,6-5,A95094,8,43.0,92.0,,,,
5호선,6-5,A95094,9,45.0,92.0,우장산,,,N
5호선,6-5,A95094,10,51.0,92.0,화곡,,,N
5호선,6-5,A95094,11,58.0,92.0,까치산,,interchange,N
5호선,6-5,A95094,12,64.0,92.0,신정,은행정,,N
5호선,6-5,A95094,13,69.0,92.0,목동,,,N
5호선,6-5,A95094,14,74.0,92.0,오목교,목동운동장앞,,N
5호선,6-5,A95094,15,79.0,92.0,양평,,,N
5호선,6-5,A95094,16,83.0,92.0,영등포구청,,interchange,SW
5호선,6-5,A95094,17,88.5,97.0,영등포시장,,,E
5호선,6-5,A95094,18,96.0,103.0,신길,,interchange,N
5호선,6-5,A95094,19,99.0,101.0,,,,
5호선,6-5,A95094,20,105.0,101.0,여의도,,interchange,S
5호선,6-5,A95094,21,113.0,101.0,여의나루,,,S
5호선,6-5,A95094,22,120.0,101.0,마포,,,S
5호선,6-5,A95094,23,121.0,100.0,,,,
5호선,6-5,A95094,24,121.0,92.0,공덕,,interchange,W
5호선,6-5,A95094,25,121.0,71.0,애오개,,,E
5호선,6-5,A95094,26,121.0,69.0,충정로,경기대입구,interchange,NW
5호선,6-5,A95094,27,121.0,60.0,서대문,,,E
5호선,6-5,A95094,28,121.0,56.0,,,,
5호선,6-5,A95094,29,122.0,55.0,,,,
5호선,6-5,A95094,30,129.0,55.0,광화문,세종문화회관,,N
5호선,6-5,A95094,31,145.0,55.0,종로3가,,interchange,NE
5호선,6-5,A95094,32,158.0,68.0,을지로4가,,interchange,SW
5호선,6-5,A95094,33,170.0,68.0,"동대문역사
문화공원",,interchange,NW
5호선,6-5,A95094,34,170.0,79.0,청구,,interchange,SE
5호선,6-5,A95094,35,181.0,79.0,신금호,,,N
5호선,6-5,A95094,36,189.0,79.0,행당,,,N
5호선,6-5,A95094,37,198.0,79.0,,,,
5호선,6-5,A95094,38,198.0,78.0,왕십리,성동구청,interchange,NE
5호선,6-5,A95094,39,198.0,79.0,,,,
5호선,6-5,A95094,40,207.0,79.0,마장,,,S
5호선,6-5,A95094,41,217.0,79.0,답십리,,,N
5호선,6-5,A95094,42,226.0,79.0,장한평,,,N
5호선,6-5,A95094,43,233.0,79.0,군자,능동,interchange,NE
5호선,6-5,A95094,44,240.0,79.0,,,,
5호선,6-5,A95094,45,243.0,80.0,,,,
5호선,6-5,A95094,46,247.0,84.0,아차산,어린이대공원 후문,,NE
5호선,6-5,A95094,47,255.0,92.0,광나루,장신대,,NE
5호선,6-5,A95094,48,271.0,108.0,천호,풍납토성,interchange,W
5호선,6-5,A95094,49,282.0,108.0,강동,,interchange,E
5호선,6-5,A95094,50,282.0,103.0,길동,,,E
5호선,6-5,A95094,51,282.0,98.0,굽은다리,강동구민회관앞,,E
5호선,6-5,A95094,52,282.0,93.0,명일,,,E
5호선,6-5,A95094,53,282.0,88.0,고덕,,,E
5호선,6-5,A95094,54,282.0,83.0,상일동,,,E
5호선,6-5,A95094,55,282.0,81.0,,,,
5호선,6-5,A95094,56,283.0,80.0,,,,
5호선,6-5,A95094,57,290.0,80.0,,,,
5호선,6-5,A95094,58,291.0,81.0,,,,
5호선,6-5,A95094,59,291.0,83.0,강일,,,E
5호선,6-5,A95094,60,291.0,87.0,미사,,,E
5호선,6-5,A95094,61,291.0,91.0,하남풍산,,,E
5호선,6-5,A95094,62,291.0,95.0,하남시청,,,E
5호선,6-5,A95094,63,291.0,99.0,하남검단산,,,E
5호선,6-5,A95094,64,291.0,103.0,,,,
5호선,6-5,A95094,66,282.0,113.0,둔촌동,,,E
5호선,6-5,A95094,67,282.0,118.0,올림픽공원,한국체대,interchange,SE
5호선,6-5,A95094,68,282.0,123.0,방이,,,E
5호선,6-5,A95094,69,282.0,128.0,오금,,interchange,E
5호선,6-5,A95094,70,282.0,133.0,개롱,,,E
5호선,6-5,A95094,71,282.0,138.0,거여,,,E
5호선,6-5,A95094,72,282.0,143.0,마천,,,E
5호선,6-5,A95094,73,282.0,148.0,,,,
6호선,7-6,D08D1A,0,252.0,51.0,신내,,interchange,W
6호선,7-6,D08D1A,1,249.0,48.0,봉화산,서울의료원,,W
6호선,7-6,D08D1A,2,247.0,46.0,,,,
6호선,7-6,D08D1A,3,244.0,45.0,,,,
6호선,7-6,D08D1A,4,239.0,45.0,화랑대,서울여대입구,,NE
6호선,7-6,D08D1A,5,233.0,45.0,태릉입구,,interchange,NW
6호선,7-6,D08D1A,6,214.0,45.0,석계,,interchange,SE
6호선,7-6,D08D1A,7,209.0,45.0,돌곶이,,,N
6호선,7-6,D08D1A,8,202.0,45.0,상월곡,"한국과학기술
연구원",,N
6호선,7-6,D08D1A,9,194.0,45.0,월곡,동덕여대,,N
6호선,7-6,D08D1A,10,188.0,45.0,고려대,종암,,N
6호선,7-6,D08D1A,11,181.0,45.0,안암,고대병원앞,,N
6호선,7-6,D08D1A,12,180.0,46.0,,,,
6호선,7-6,D08D1A,13,180.0,48.0,보문,,interchange,E
6호선,7-6,D08D1A,14,180.0,51.0,창신,,,W
6호선,7-6,D08D1A,15,180.0,55.0,동묘앞,,interchange,SW
6호선,7-6,D08D1A,16,180.0,69.0,신당,,interchange,SE
6호선,7-6,D08D1A,17,170.0,79.0,청구,,interchange,SE
6호선,7-6,D08D1A,18,170.0,80.0,,,,
6호선,7-6,D08D1A,19,170.0,95.0,약수,,interchange,NE
6호선,7-6,D08D1A,20,165.0,95.0,버티고개,,,S
6호선,7-6,D08D1A,21,159.0,95.0,한강진,,,S
6호선,7-6,D08D1A,22,151.0,95.0,이태원,,,S
6호선,7-6,D08D1A,23,145.0,95.0,녹사평,용산구청,,S
6호선,7-6,D08D1A,24,141.0,95.0,삼각지,,interchange,SW
6호선,7-6,D08D1A,25,127.0,95.0,,,,
6호선,7-6,D08D1A,26,127.0,94.0,효창공원앞,,interchange,N
6호선,7-6,D08D1A,27,127.0,95.0,,,,
6호선,7-6,D08D1A,28,121.0,95.0,공덕,,interchange,NW
6호선,7-6,D08D1A,29,116.0,95.0,대흥,서강대앞,,S
6호선,7-6,D08D1A,30,109.0,95.0,광흥창,서강,,S
6호선,7-6,D08D1A,31,107.0,94.0,,,,
6호선,7-6,D08D1A,32,105.0,92.0,상수,,,NE
6호선,7-6,D08D1A,33,102.0,89.0,합정,,interchange,S
6호선,7-6,D08D1A,34,97.0,84.0,망원,,,NE
6호선,7-6,D08D1A,35,95.0,82.0,,,,
6호선,7-6,D08D1A,36,94.0,80.0,,,,
6호선,7-6,D08D1A,37,94.0,75.0,마포구청,,,W
6호선,7-6,D08D1A,38,94.0,70.0,월드컵경기장,성산,,W
6호선,7-6,D08D1A,39,94.0,62.0,디지털미디어시티,,interchange,NW
6호선,7-6,D08D1A,40,94.0,56.0,증산,명지대앞,,W
6호선,7-6,D08D1A,41,94.0,50.0,새절,신사,,W
6호선,7-6,D08D1A,42,94.0,41.0,응암,,,SW
6호선,7-6,D08D1A,43,97.0,38.0,역촌,,,SE
6호선,7-6,D08D1A,44,100.0,35.0,불광,,interchange,SE
6호선,7-6,D08D1A,45,94.0,29.0,독바위,,,N
6호선,7-6,D08D1A,46,88.0,35.0,연신내,,interchange,SW
6호선,7-6,D08D1A,47,91.0,38.0,구산,,,SW
6호선,7-6,D08D1A,48,94.0,41.0,,,,
6호선,7-6,D08D1A,49,243.0,51.0,,,,
7호선,8-7,657931,0,8.0,116.0,석남,거북시장,interchange,NE
7호선,8-7,657931,1,16.0,116.0,,,,
7호선,8-7,657931,2,17.0,117.0,,,,
7호선,8-7,657931,3,17.0,120.0,,,,
7호선,8-7,657931,4,18.0,121.0,,,,
7호선,8-7,657931,5,20.0,121.0,산곡,,,N
7호선,8-7,657931,6,28.0,121.0,부평구청,,interchange,E
7호선,8-7,657931,7,39.0,110.0,굴포천,,,SE
7호선,8-7,657931,8,42.0,107.0,삼산체육관,,,E
7호선,8-7,657931,9,42.0,103.0,상동,,,E
7호선,8-7,657931,10,42.0,100.0,,,,
7호선,8-7,657931,11,43.0,99.0,,,,
7호선,8-7,657931,12,48.0,99.0,부천시청,,,N
7호선,8-7,657931,13,52.0,99.0,,,,
7호선,8-7,657931,14,54.0,100.0,신중동,,,NE
7호선,8-7,657931,15,57.0,103.0,춘의,,,NE
7호선,8-7,657931,16,58.0,105.0,,,,
7호선,8-7,657931,17,58.0,108.0,부천종합운동장,,interchange,SE
7호선,8-7,657931,18,58.0,113.0,까치울,,,SW
7호선,8-7,657931,19,65.0,120.0,온수,성공회대입구,interchange,N
7호선,8-7,657931,20,68.0,123.0,천왕,,,SW
7호선,8-7,657931,21,71.0,126.0,광명사거리,,,SW
7호선,8-7,657931,22,72.0,127.0,,,,
7호선,8-7,657931,23,74.0,128.0,,,,
7호선,8-7,657931,24,78.0,128.0,철산,,,N
7호선,8-7,657931,25,83.0,128.0,"가산
디지털단지",,interchange,SW
7호선,8-7,657931,26,87.0,128.0,남구로,,,N
7호선,8-7,657931,27,92.0,128.0,대림,,interchange,SE
7호선,8-7,657931,28,97.0,128.0,신풍,,,NW
7호선,8-7,657931,29,104.0,128.0,보라매,,interchange,NW
7호선,8-7,657931,30,111.0,128.0,"신대방
삼거리",,,N
7호선,8-7,657931,31,117.0,128.0,장승배기,,,N
7호선,8-7,657931,32,123.0,128.0,상도,,,N
7호선,8-7,657931,33,130.0,128.0,숭실대입구,살피재,,N
7호선,8-7,657931,34,137.0,128.0,남성,,,N
7호선,8-7,657931,35,141.0,128.0,총신대입구,이수,interchange,NE
7호선,8-7,657931,36,159.0,128.0,내방,,,N
7호선,8-7,657931,37,172.0,128.0,,,,
7호선,8-7,657931,38,172.0,129.0,고속터미널,,interchange,SE
7호선,8-7,657931,39,172.0,128.0,,,,
7호선,8-7,657931,40,179.0,121.0,,,,
7호선,8-7,657931,41,181.0,120.0,,,,
7호선,8-7,657931,42,188.0,120.0,반포,,,N
7호선,8-7,657931,43,195.0,120.0,논현,,interchange,NE
7호선,8-7,657931,44,206.0,120.0,학동,,,N
7호선,8-7,657931,45,212.0,120.0,,,,
7호선,8-7,657931,46,214.0,119.0,,,,
7호선,8-7,657931,47,219.0,114.0,강남구청,,interchange,SE
7호선,8-7,657931,48,226.0,107.0,청담,,,SE
7호선,8-7,657931,49,232.0,101.0,자양,,,E
7호선,8-7,657931,50,233.0,99.0,,,,
7호선,8-7,657931,51,233.0,97.0,건대입구,,interchange,NW
7호선,8-7,657931,52,233.0,87.0,어린이대공원,세종대,,E
7호선,8-7,657931,53,233.0,79.0,군자,능동,interchange,NE
7호선,8-7,657931,54,233.0,73.0,중곡,,,E
7호선,8-7,657931,55,233.0,69.0,용마산,,,E
7호선,8-7,657931,56,233.0,65.0,사가정,,,E
7호선,8-7,657931,57,233.0,61.0,면목,,,E
7호선,8-7,657931,58,233.0,54.0,상봉,,interchange,E
7호선,8-7,657931,59,233.0,51.0,중화,,,E
7호선,8-7,657931,60,233.0,48.0,먹골,,,E
7호선,8-7,657931,61,233.0,45.0,태릉입구,,interchange,NW
7호선,8-7,657931,62,233.0,40.0,공릉,서울과학기술대,,E
7호선,8-7,657931,63,233.0,37.0,하계,,,E
7호선,8-7,657931,64,233.0,34.0,중계,,,E
7호선,8-7,657931,65,230.0,31.0,노원,,interchange,NE
7호선,8-7,657931,66,225.0,26.0,마들,,,E
7호선,8-7,657931,67,221.0,22.0,수락산,,,E
7호선,8-7,657931,68,215.0,16.0,,,,
7호선,8-7,657931,69,214.0,16.0,도봉산,,interchange,NE
7호선,8-7,657931,70,231.0,16.0,장암,,,N
7호선,8-7,657931,71,238.0,16.0,,,,
7호선,8-7,657931,72,37.0,118.0,,,,
8호선,9-8,E74E6D,0,265.0,45.0,,,,
8호선,9-8,E74E6D,1,260.0,45.0,별내,,interchange,wn
8호선,9-8,E74E6D,2,260.0,48.0,다산,,,E
8호선,9-8,E74E6D,3,260.0,52.0,동구릉,,,E
8호선,9-8,E74E6D,4,260.0,57.0,구리,,interchange,EN
8호선,9-8,E74E6D,5,260.0,61.0,장자호수공원,,,E
8호선,9-8,E74E6D,6,260.0,64.0,,,,
8호선,9-8,E74E6D,7,261.0,65.0,,,,
8호선,9-8,E74E6D,8,270.0,65.0,,,,
8호선,9-8,E74E6D,9,271.0,66.0,,,,
8호선,9-8,E74E6D,10,271.0,85.0,암사역사공원,,,E
8호선,9-8,E74E6D,11,271.0,100.0,암사,,,E
8호선,9-8,E74E6D,12,271.0,108.0,천호,풍납토성,interchange,W
8호선,9-8,E74E6D,13,265.0,113.80000000000001,강동구청,,,SE
8호선,9-8,E74E6D,14,259.0,119.5,몽촌토성,평화의문,,SE
8호선,9-8,E74E6D,15,251.0,127.0,잠실,송파구청,interchange,W
8호선,9-8,E74E6D,16,256.0,132.0,석촌,,interchange,E
8호선,9-8,E74E6D,17,261.0,137.0,송파,,,NE
8호선,9-8,E74E6D,18,266.5,142.5,가락시장,,interchange,W
8호선,9-8,E74E6D,19,270.0,146.0,문정,,,NE
8호선,9-8,E74E6D,20,274.0,150.0,장지,,,NE
8호선,9-8,E74E6D,21,277.0,153.0,복정,,interchange,NE
8호선,9-8,E74E6D,22,282.0,158.0,남위례,,,NE
8호선,9-8,E74E6D,23,284.0,160.0,,,,
8호선,9-8,E74E6D,24,285.0,162.0,산성,,,E
8호선,9-8,E74E6D,25,285.0,168.0,남한산성입구,,,E
8호선,9-8,E74E6D,26,284.0,169.0,,,,
8호선,9-8,E74E6D,27,278.5,169.0,단대오거리,,,N
8호선,9-8,E74E6D,28,271.0,169.0,신흥,,,N
8호선,9-8,E74E6D,29,266.0,169.0,,,,
8호선,9-8,E74E6D,30,264.0,168.0,,,,
8호선,9-8,E74E6D,31,263.0,167.0,수진,,,NE
8호선,9-8,E74E6D,32,259.0,161.0,모란,,interchange,SW
8호선,9-8,E74E6D,33,261.0,158.0,,,,
9호선,10-9,B58600,0,37.0,45.0,,,,
9호선,10-9,B58600,1,37.0,55.0,개화,,,E
9호선,10-9,B58600,2,37.0,59.0,,,,
9호선,10-9,B58600,3,37.0,61.0,,,,
9호선,10-9,B58600,4,37.0,68.0,,,,
9호선,10-9,B58600,5,38.0,69.0,,,,
9호선,10-9,B58600,6,42.0,69.0,,,,
9호선,10-9,B58600,7,42.0,69.0,김포공항,,interchange,SE
9호선,10-9,B58600,8,46.0,69.0,공항시장,,,NE
9호선,10-9,B58600,9,47.0,69.0,,,,
9호선,10-9,B58600,10,50.0,70.0,,,,
9호선,10-9,B58600,11,51.0,71.0,신방화,,,NE
9호선,10-9,B58600,12,55.0,75.0,마곡나루,,interchange,NE
9호선,10-9,B58600,13,58.0,78.0,양천향교,,,NE
9호선,10-9,B58600,14,60.0,80.0,,,,
9호선,10-9,B58600,15,64.0,83.0,,,,
9호선,10-9,B58600,16,66.0,83.0,가양,,,N
9호선,10-9,B58600,17,72.0,83.0,증미,,,N
9호선,10-9,B58600,18,77.0,83.0,등촌,,,N
9호선,10-9,B58600,19,83.0,83.0,염창,,,N
9호선,10-9,B58600,20,85.0,83.0,,,,
9호선,10-9,B58600,21,88.0,85.0,신목동,,,W
9호선,10-9,B58600,22,90.0,87.0,선유도,,,W
9호선,10-9,B58600,23,92.0,89.0,당산,,interchange,SW
9호선,10-9,B58600,24,97.5,94.0,국회의사당,,,SE
9호선,10-9,B58600,25,105.0,101.0,여의도,,interchange,S
9호선,10-9,B58600,26,109.7,105.0,샛강,,interchange,S
9호선,10-9,B58600,27,118.0,113.0,노량진,,interchange,SW
9호선,10-9,B58600,28,123.0,118.0,노들,,,SW
9호선,10-9,B58600,29,127.0,120.0,,,,
9호선,10-9,B58600,30,132.0,120.0,흑석,중앙대입구,,N
9호선,10-9,B58600,31,141.0,120.0,동작,현충원,interchange,NE
9호선,10-9,B58600,32,153.0,120.0,구반포,,,N
9호선,10-9,B58600,33,162.0,120.0,신반포,,,N
9호선,10-9,B58600,34,164.0,121.0,,,,
9호선,10-9,B58600,35,172.0,129.0,고속터미널,,interchange,SE
9호선,10-9,B58600,36,187.0,129.0,사평,,,N
9호선,10-9,B58600,37,195.0,129.0,신논현,,interchange,NE
9호선,10-9,B58600,38,205.0,129.0,언주,,,N
9호선,10-9,B58600,39,210.0,129.0,선정릉,,interchange,N
9호선,10-9,B58600,40,223.0,129.0,삼성중앙,,,N
9호선,10-9,B58600,41,228.0,129.0,,,,
9호선,10-9,B58600,42,229.0,130.0,봉은사,,,E
9호선,10-9,B58600,43,229.0,136.0,종합운동장,,interchange,WS
9호선,10-9,B58600,44,229.0,138.0,,,,
9호선,10-9,B58600,45,230.0,139.0,,,,
9호선,10-9,B58600,46,239.0,139.0,삼전,,,S
9호선,10-9,B58600,47,252.0,139.0,석촌고분,,,S
9호선,10-9,B58600,48,253.0,139.0,,,,
9호선,10-9,B58600,49,254.0,138.0,,,,
9호선,10-9,B58600,50,254.0,136.0,,,,
9호선,10-9,B58600,51,255.0,134.0,,,,
9호선,10-9,B58600,52,256.0,133.0,석촌,,interchange,E
9호선,10-9,B58600,53,263.0,126.0,송파나루,,,E
9호선,10-9,B58600,54,269.0,120.0,한성백제,,,E
9호선,10-9,B58600,55,270.0,119.0,,,,
9호선,10-9,B58600,56,273.0,118.0,,,,
9호선,10-9,B58600,57,282.0,118.0,올림픽공원,한국체대,interchange,SE
9호선,10-9,B58600,58,290.0,118.0,둔촌오륜,,,N
9호선,10-9,B58600,59,293.0,118.0,,,,
9호선,10-9,B58600,60,294.0,117.0,,,,
9호선,10-9,B58600,61,294.0,113.0,"중앙
보훈병원",,,E
9호선,10-9,B58600,62,294.0,111.0,,,,
9호선,10-9,B58600,63,294.0,109.0,,,,
김포골드라인,KP,A18F57,0,42.0,68.0,,,,
김포골드라인,KP,A18F57,1,42.0,68.0,김포공항,,interchange,SE
김포골드라인,KP,A18F57,2,34.0,68.0,고촌,,,N
김포골드라인,KP,A18F57,3,32.0,68.0,,,,
김포골드라인,KP,A18F57,4,30.0,64.0,,,,
김포골드라인,KP,A18F57,5,30.0,61.0,풍무,,,E
김포골드라인,KP,A18F57,6,30.0,55.0,"사우 
(김포시청)",,,E
김포골드라인,KP,A18F57,7,30.0,49.0,"걸포
북변",,,E
김포골드라인,KP,A18F57,8,30.0,46.0,,,,
김포골드라인,KP,A18F57,9,29.0,45.0,,,,
김포골드라인,KP,A18F57,10,26.0,45.0,운양,,,N
김포골드라인,KP,A18F57,11,19.0,45.0,장기,,,N
김포골드라인,KP,A18F57,12,18.0,45.0,,,,
김포골드라인,KP,A18F57,13,17.0,46.0,,,,
김포골드라인,KP,A18F57,14,17.0,49.0,마산,,,W
김포골드라인,KP,A18F57,15,17.0,54.0,구래,,,W
김포골드라인,KP,A18F57,16,17.0,61.0,양촌,,,W
김포골드라인,KP,A18F57,17,17.0,66.0,,,,
의정부경전철,U,D9750D,0,187.0,9.0,,,,
의정부경전철,U,D9750D,1,196.0,9.0,발곡,,,N
의정부경전철,U,D9750D,2,198.5,9.0,,,,
의정부경전철,U,D9750D,3,198.5,13.0,회룡,,interchange,NE
의정부경전철,U,D9750D,4,198.5,19.0,,,,
의정부경전철,U,D9750D,5,197.0,19.0,범골,,,
의정부경전철,U,D9750D,6,189.0,19.0,경전철의정부,,,
의정부경전철,U,D9750D,7,178.0,19.0,의정부시청,,,
의정부경전철,U,D9750D,8,170.5,19.0,흥선,,,
의정부경전철,U,D9750D,9,163.0,19.0,의정부중앙,,,
의정부경전철,U,D9750D,10,155.0,19.0,동오,,,
의정부경전철,U,D9750D,11,150.0,19.0,새말,,,
의정부경전철,U,D9750D,12,142.5,19.0,"경기도청
북부청사",,,
의정부경전철,U,D9750D,13,135.0,19.0,효자,,,
의정부경전철,U,D9750D,14,130.0,19.0,곤제,,,
의정부경전철,U,D9750D,15,125.0,19.0,어룡,,,
의정부경전철,U,D9750D,16,123.0,19.0,,,,
의정부경전철,U,D9750D,17,121.0,18.0,,,,
의정부경전철,U,D9750D,18,120.0,17.0,송산,,,SW
의정부경전철,U,D9750D,19,117.0,14.0,탑석,,,SW
의정부경전철,U,D9750D,20,115.0,13.0,,,,
의정부경전철,U,D9750D,21,106.0,13.0,,,,
인천1호선,I,6496DF,0,9.0,190.0,,,,
인천1호선,I,6496DF,1,9.0,185.0,"송도달빛
축제공원",,,E
인천1호선,I,6496DF,2,9.0,180.0,국제업무지구,,,E
인천1호선,I,6496DF,3,9.0,175.0,센트럴파크,,,E
인천1호선,I,6496DF,4,9.0,172.0,,,,
인천1호선,I,6496DF,5,10.0,171.0,,,,
인천1호선,I,6496DF,6,12.0,171.0,인천대입구,,,N
인천1호선,I,6496DF,7,22.0,171.0,지식정보단지,,,N
인천1호선,I,6496DF,8,32.0,171.0,테크노파크,,,N
인천1호선,I,6496DF,9,41.0,171.0,캠퍼스타운,,,N
인천1호선,I,6496DF,10,48.0,171.0,동막,,,N
인천1호선,I,6496DF,11,55.0,171.0,동춘,,,N
인천1호선,I,6496DF,12,64.0,171.0,원인재,,interchange,SW
인천1호선,I,6496DF,13,67.0,171.0,,,,
인천1호선,I,6496DF,14,69.0,170.0,,,,
인천1호선,I,6496DF,15,69.0,169.0,신연수,,,E
인천1호선,I,6496DF,16,66.0,165.0,선학,,,E
인천1호선,I,6496DF,17,63.0,161.0,문학경기장,,,NE
인천1호선,I,6496DF,18,59.2,156.0,인천터미널,,,NE
인천1호선,I,6496DF,19,56.2,152.0,예술회관,,,NE
인천1호선,I,6496DF,20,53.0,147.0,인천시청,,interchange,SW
인천1호선,I,6496DF,21,51.0,144.0,,,,
인천1호선,I,6496DF,22,49.0,143.0,,,,
인천1호선,I,6496DF,23,47.0,143.0,간석오거리,,,N
인천1호선,I,6496DF,24,38.0,143.0,부평삼거리,,,N
인천1호선,I,6496DF,25,31.0,143.0,동수,,,N
인천1호선,I,6496DF,26,29.0,143.0,,,,
인천1호선,I,6496DF,27,28.0,142.0,,,,
인천1호선,I,6496DF,28,28.0,134.0,부평,,interchange,SW
인천1호선,I,6496DF,29,28.0,127.0,부평시장,,,E
인천1호선,I,6496DF,30,28.0,121.0,부평구청,,interchange,E
인천1호선,I,6496DF,31,28.0,112.0,갈산,,,E
인천1호선,I,6496DF,32,28.0,107.0,작전,,,E
인천1호선,I,6496DF,33,28.0,101.0,경인교대입구,,,E
인천1호선,I,6496DF,34,28.0,96.0,계산,,,E
인천1호선,I,6496DF,35,28.0,89.0,임학,,,E
인천1호선,I,6496DF,36,28.0,84.0,박촌,,,E
인천1호선,I,6496DF,37,28.0,79.0,귤현,,,E
인천1호선,I,6496DF,38,28.0,70.0,계양,,interchange,SW
인천1호선,I,6496DF,39,28.0,60.0,"아라
(북부법원
검찰청)",,,W
인천1호선,I,6496DF,40,28.0,56.0,신검단중앙,,,W
인천1호선,I,6496DF,41,28.0,50.0,"검단
호수공원",,,W
인천2호선,I2,CF843C,0,8.0,41.0,,,,
인천2호선,I2,CF843C,1,8.0,45.0,검단오류,검산산업단지,,W
인천2호선,I2,CF843C,2,8.0,52.0,왕길,,,W
인천2호선,I2,CF843C,3,8.0,56.0,"검단
사거리",,,E
인천2호선,I2,CF843C,4,8.0,61.0,마전,,,W
인천2호선,I2,CF843C,5,8.0,62.0,,,,
인천2호선,I2,CF843C,6,9.0,64.0,,,,
인천2호선,I2,CF843C,7,11.0,66.0,완정,,,SW
인천2호선,I2,CF843C,8,14.0,69.0,독정,,,SW
인천2호선,I2,CF843C,9,20.0,75.0,검암,,interchange,E
인천2호선,I2,CF843C,10,14.0,81.0,검바위,,,NW
인천2호선,I2,CF843C,11,9.0,86.0,,,,
인천2호선,I2,CF843C,12,8.0,88.0,,,,
인천2호선,I2,CF843C,13,8.0,90.0,"아시아드
경기장",공촌사거리,,E
인천2호선,I2,CF843C,14,8.0,97.0,서해구청,,,E
인천2호선,I2,CF843C,15,8.0,103.0,가정,루원시티,,E
인천2호선,I2,CF843C,16,8.0,109.0,가정중앙시장,,,E
인천2호선,I2,CF843C,17,8.0,116.0,석남,거북시장,interchange,NE
인천2호선,I2,CF843C,18,8.0,123.0,서부여성회관,,,E
인천2호선,I2,CF843C,19,8.0,129.0,인천가좌,,,E
인천2호선,I2,CF843C,20,8.0,135.0,가재울,,,E
인천2호선,I2,CF843C,21,8.0,141.0,주안국가산단,인천J밸리,,E
인천2호선,I2,CF843C,22,8.0,146.0,,,,
인천2호선,I2,CF843C,23,9.0,147.0,,,,
인천2호선,I2,CF843C,24,19.0,147.0,주안,,interchange,SE
인천2호선,I2,CF843C,25,30.0,147.0,시민공원,문화창작지대,,S
인천2호선,I2,CF843C,26,41.0,147.0,석바위시장,,,S
인천2호선,I2,CF843C,27,59.0,147.0,인천시청,,interchange,SW
인천2호선,I2,CF843C,28,59.0,147.0,석천사거리,,,N
인천2호선,I2,CF843C,29,62.0,147.0,,,,
인천2호선,I2,CF843C,30,64.0,148.0,,,,
인천2호선,I2,CF843C,31,66.0,150.0,모래내시장,,,E
인천2호선,I2,CF843C,32,70.0,154.0,만수,,,E
인천2호선,I2,CF843C,33,74.0,158.0,남동구청,,,E
인천2호선,I2,CF843C,34,76.0,160.0,,,,
인천2호선,I2,CF843C,35,77.0,162.0,인천대공원,,,E
인천2호선,I2,CF843C,36,77.0,167.0,운연,서창,,E
인천2호선,I2,CF843C,37,77.0,175.0,,,,
경춘선,G,0BA382,0,199.0,56.0,,,,
경춘선,G,0BA382,1,199.0,55.0,청량리,서울시립대입구,interchange,N
경춘선,G,0BA382,2,206.0,56.0,,,,
경춘선,G,0BA382,3,206.0,55.0,회기,,interchange,N
경춘선,G,0BA382,4,221.0,56.0,중랑,,interchange,N
경춘선,G,0BA382,5,233.0,56.0,,,,
경춘선,G,0BA382,6,233.0,54.0,상봉,,interchange,E
경춘선,G,0BA382,7,248.0,56.0,망우,,interchange,S
경춘선,G,0BA382,8,252.0,52.0,신내,,interchange,W
경춘선,G,0BA382,9,256.0,48.0,갈매,,,NW
경춘선,G,0BA382,10,260.0,44.0,별내,,interchange,NW
경춘선,G,0BA382,11,264.0,40.0,퇴계원,,,NW
경춘선,G,0BA382,12,268.0,36.0,사릉,,,NW
경춘선,G,0BA382,13,272.0,32.0,금곡,,,NW
경춘선,G,0BA382,14,273.0,31.0,,,,
경춘선,G,0BA382,15,275.0,30.0,,,,
경춘선,G,0BA382,16,276.0,30.0,평내호평,,,N
경춘선,G,0BA382,17,282.0,30.0,천마산,,,N
경춘선,G,0BA382,18,288.0,30.0,마석,,,N
경춘선,G,0BA382,19,294.0,30.0,대성리,,,N
경춘선,G,0BA382,20,297.0,30.0,,,,
경춘선,G,0BA382,21,298.0,31.0,,,,
경춘선,G,0BA382,22,298.0,36.0,청평,,,W
경춘선,G,0BA382,23,298.0,41.0,상천,,,W
경춘선,G,0BA382,24,298.0,46.0,가평,,,W
경춘선,G,0BA382,25,298.0,51.0,굴봉산,,,W
경춘선,G,0BA382,26,298.0,56.0,백양리,,,W
경춘선,G,0BA382,27,298.0,61.0,강촌,,,W
경춘선,G,0BA382,28,298.0,66.0,김유정,,,W
경춘선,G,0BA382,29,298.0,71.0,남춘천,,,W
경춘선,G,0BA382,30,298.0,76.0,춘천,,,W
경춘선,G,0BA382,31,298.0,83.0,,,,
경춘선,G,0BA382,32,233.0,55.0,,,,
경춘선,G,0BA382,33,229.0,55.0,,,,
경춘선,G,0BA382,34,227.0,54.0,,,,
경춘선,G,0BA382,35,215.0,42.0,,,,
경춘선,G,0BA382,36,214.0,42.0,광운대,,interchange,E
경의·중앙선,K,5F9C82,0,6.0,12.0,,,,
경의·중앙선,K,5F9C82,1,6.0,16.0,임진강,,,
경의·중앙선,K,5F9C82,2,11.0,16.0,운천,,,
경의·중앙선,K,5F9C82,3,12.0,16.0,,,,
경의·중앙선,K,5F9C82,4,14.0,16.0,,,interchange,
경의·중앙선,K,5F9C82,5,15.0,16.0,문산,,interchange,
경의·중앙선,K,5F9C82,6,20.0,16.0,파주,,,
경의·중앙선,K,5F9C82,7,25.0,16.0,월롱,,,
경의·중앙선,K,5F9C82,8,30.0,16.0,금촌,,,
경의·중앙선,K,5F9C82,9,35.0,16.0,금릉,,,
경의·중앙선,K,5F9C82,10,40.0,16.0,운정,,,
경의·중앙선,K,5F9C82,11,45.0,16.0,야당,,,
경의·중앙선,K,5F9C82,12,50.0,16.0,탄현,,,N
경의·중앙선,K,5F9C82,13,52.0,16.0,,,,
경의·중앙선,K,5F9C82,14,53.0,17.0,,,,
경의·중앙선,K,5F9C82,15,53.0,18.0,일산,,interchange,E
경의·중앙선,K,5F9C82,16,53.0,22.0,풍산,,interchange,E
경의·중앙선,K,5F9C82,17,53.0,26.0,백마,,interchange,E
경의·중앙선,K,5F9C82,18,53.0,30.0,곡산,,interchange,E
경의·중앙선,K,5F9C82,19,53.0,35.0,대곡,,interchange,SW
경의·중앙선,K,5F9C82,20,53.0,38.0,,,,
경의·중앙선,K,5F9C82,21,54.0,40.0,,,,
경의·중앙선,K,5F9C82,22,56.0,42.0,능곡,,interchange,NE
경의·중앙선,K,5F9C82,23,60.0,46.0,행신,,,NE
경의·중앙선,K,5F9C82,24,65.0,51.0,강매,,,NE
경의·중앙선,K,5F9C82,25,69.0,55.0,한국항공대,,,NE
경의·중앙선,K,5F9C82,26,73.0,59.0,수색,,,NE
경의·중앙선,K,5F9C82,27,76.0,62.0,,,,
경의·중앙선,K,5F9C82,28,78.0,63.0,,,,
경의·중앙선,K,5F9C82,29,94.0,63.0,,,,
경의·중앙선,K,5F9C82,30,94.0,62.0,디지털미디어시티,,interchange,NW
경의·중앙선,K,5F9C82,31,94.0,63.0,,,,
경의·중앙선,K,5F9C82,32,99.0,63.0,가좌,,interchange,N
경의·중앙선,K,5F9C82,33,105.0,63.0,신촌,경의·중앙선,,N
경의·중앙선,K,5F9C82,34,107.0,63.0,,,,
경의·중앙선,K,5F9C82,35,109.0,64.0,,,,
경의·중앙선,K,5F9C82,36,121.0,76.0,,,,
경의·중앙선,K,5F9C82,37,123.0,77.0,,,,
경의·중앙선,K,5F9C82,38,129.0,77.0,서울역,경의·중앙선,,NW
경의·중앙선,K,5F9C82,40,99.0,68.0,,,,
경의·중앙선,K,5F9C82,41,99.0,70.0,,,,
경의·중앙선,K,5F9C82,42,100.0,72.0,,,,
경의·중앙선,K,5F9C82,43,110.0,82.0,홍대입구,,interchange,NE
경의·중앙선,K,5F9C82,44,110.0,88.0,서강대,,,E
경의·중앙선,K,5F9C82,45,110.0,93.0,,,,
경의·중앙선,K,5F9C82,46,111.0,94.0,,,,
경의·중앙선,K,5F9C82,47,121.0,94.0,,,,
경의·중앙선,K,5F9C82,48,121.0,95.0,공덕,,interchange,NW
경의·중앙선,K,5F9C82,49,121.0,94.0,,,,
경의·중앙선,K,5F9C82,50,127.0,94.0,효창공원앞,,interchange,N
경의·중앙선,K,5F9C82,51,127.0,108.0,,,,
경의·중앙선,K,5F9C82,52,128.0,109.0,,,,
경의·중앙선,K,5F9C82,53,131.0,109.0,용산,,interchange,NE
경의·중앙선,K,5F9C82,54,141.0,109.0,이촌,국립중앙박물관,interchange,NE
경의·중앙선,K,5F9C82,55,156.0,109.0,서빙고,,,N
경의·중앙선,K,5F9C82,56,165.0,109.0,한남,,,N
경의·중앙선,K,5F9C82,57,168.0,109.0,,,,
경의·중앙선,K,5F9C82,58,170.0,108.0,,,,
경의·중앙선,K,5F9C82,59,172.0,106.0,옥수,,interchange,E
경의·중앙선,K,5F9C82,60,185.0,93.0,응봉,,,NW
경의·중앙선,K,5F9C82,61,198.0,80.0,,,,
경의·중앙선,K,5F9C82,62,198.0,78.0,왕십리,성동구청,interchange,NE
경의·중앙선,K,5F9C82,63,198.0,58.0,,,,
경의·중앙선,K,5F9C82,64,199.0,57.0,청량리,서울시립대입구,interchange,N
경의·중앙선,K,5F9C82,65,206.0,57.0,,,,
경의·중앙선,K,5F9C82,66,206.0,57.0,회기,,interchange,N
경의·중앙선,K,5F9C82,67,221.0,57.0,,,,
경의·중앙선,K,5F9C82,68,221.0,57.0,중랑,,interchange,N
경의·중앙선,K,5F9C82,69,233.0,57.0,,,,
경의·중앙선,K,5F9C82,70,233.0,57.0,상봉,,interchange,E
경의·중앙선,K,5F9C82,71,248.0,57.0,,,,
경의·중앙선,K,5F9C82,72,248.0,57.0,망우,,interchange,N
경의·중앙선,K,5F9C82,73,255.0,57.0,양원,,,N
경의·중앙선,K,5F9C82,74,260.0,57.0,구리,,interchange,EN
경의·중앙선,K,5F9C82,75,267.0,57.0,도농,,,N
경의·중앙선,K,5F9C82,76,271.0,57.0,양정,,,N
경의·중앙선,K,5F9C82,77,275.0,57.0,덕소,,,N
경의·중앙선,K,5F9C82,78,280.0,57.0,도심,,,N
경의·중앙선,K,5F9C82,79,286.0,57.0,,,,
경의·중앙선,K,5F9C82,80,287.0,58.0,,,,
경의·중앙선,K,5F9C82,81,287.0,60.0,팔당,,,W
경의·중앙선,K,5F9C82,82,287.0,64.0,운길산,,,W
경의·중앙선,K,5F9C82,83,287.0,68.0,양수,,,W
경의·중앙선,K,5F9C82,84,287.0,72.0,신원,,,W
경의·중앙선,K,5F9C82,85,287.0,74.0,,,,
경의·중앙선,K,5F9C82,86,286.0,75.0,,,,
경의·중앙선,K,5F9C82,87,280.0,75.0,국수,,,N
경의·중앙선,K,5F9C82,88,275.0,75.0,아신,,,N
경의·중앙선,K,5F9C82,89,269.0,75.0,오빈,,,N
경의·중앙선,K,5F9C82,90,265.0,75.0,양평,,,N
경의·중앙선,K,5F9C82,91,260.0,75.0,원덕,,,N
경의·중앙선,K,5F9C82,92,255.0,75.0,용문,,,N
경의·중앙선,K,5F9C82,93,250.0,75.0,지평,,,N
경의·중앙선,K,5F9C82,94,243.0,75.0,,,,
공항철도,A,038FA0,0,20.0,112.0,,,,
공항철도,A,038FA0,1,20.0,105.0,"인천공항
2터미널",,,E
공항철도,A,038FA0,2,20.0,100.0,"인천공항
1터미널",,,E
공항철도,A,038FA0,3,20.0,95.0,"공항
화물청사",,,E
공항철도,A,038FA0,4,20.0,90.0,운서,,,E
공항철도,A,038FA0,5,20.0,85.0,영종,,,E
공항철도,A,038FA0,6,20.0,80.0,"청라
국제도시",,,E
공항철도,A,038FA0,7,20.0,75.0,검암,,interchange,E
공항철도,A,038FA0,8,20.0,71.0,,,,
공항철도,A,038FA0,9,21.0,70.0,,,,
공항철도,A,038FA0,10,28.0,70.0,계양,,interchange,N
공항철도,A,038FA0,11,42.0,70.0,김포공항,,interchange,SE
공항철도,A,038FA0,12,47.0,70.0,,,,
공항철도,A,038FA0,13,49.0,71.0,,,,
공항철도,A,038FA0,14,51.0,73.0,,,,
공항철도,A,038FA0,15,53.0,74.0,,,,
공항철도,A,038FA0,16,55.0,74.0,마곡나루,,interchange,NE
공항철도,A,038FA0,17,64.0,65.0,,,,
공항철도,A,038FA0,18,66.0,64.0,,,,
공항철도,A,038FA0,19,94.0,64.0,디지털미디어시티,,interchange,NW
공항철도,A,038FA0,20,96.0,64.0,,,,
공항철도,A,038FA0,21,97.0,65.0,,,,
공항철도,A,038FA0,22,97.0,71.0,,,,
공항철도,A,038FA0,23,98.0,73.0,,,,
공항철도,A,038FA0,24,107.0,82.0,,,,
공항철도,A,038FA0,25,109.0,83.0,,,,
공항철도,A,038FA0,26,110.0,83.0,,,,
공항철도,A,038FA0,27,110.0,82.0,홍대입구,,interchange,NE
공항철도,A,038FA0,28,110.0,83.0,,,,
공항철도,A,038FA0,29,111.0,83.0,,,,
공항철도,A,038FA0,30,113.0,84.0,,,,
공항철도,A,038FA0,31,121.0,92.0,공덕,,interchange,NW
공항철도,A,038FA0,32,131.0,82.0,,,,
공항철도,A,038FA0,33,131.0,80.0,서울역,,interchange,NE
수인분당선,B,A69500,0,43.0,164.0,,,,
수인분당선,B,A69500,1,140.0,178.0,,,,
수인분당선,B,A69500,2,44.0,160.0,인천,,interchange,N
수인분당선,B,A69500,3,51.0,160.0,신포,,,N
수인분당선,B,A69500,4,52.0,160.0,,,,
수인분당선,B,A69500,5,55.0,161.0,숭의,,,NE
수인분당선,B,A69500,6,57.5,163.6,인하대,,,NE
수인분당선,B,A69500,7,60.0,166.3,송도,,,NE
수인분당선,B,A69500,8,62.5,169.0,연수,,,NE
수인분당선,B,A69500,9,64.0,171.0,원인재,,interchange,SW
수인분당선,B,A69500,10,64.0,179.0,,,,
수인분당선,B,A69500,11,63.0,180.0,,,,
수인분당선,B,A69500,12,57.0,180.0,"남동
인더스파크",,,N
수인분당선,B,A69500,13,49.0,180.0,호구포,,,N
수인분당선,B,A69500,14,41.0,180.0,인천논현,,,N
수인분당선,B,A69500,15,32.0,180.0,소래포구,,,N
수인분당선,B,A69500,16,24.0,180.0,월곶,,,N
수인분당선,B,A69500,17,21.0,180.0,,,,
수인분당선,B,A69500,18,20.0,181.0,,,,
수인분당선,B,A69500,19,20.0,184.0,달월,,,E
수인분당선,B,A69500,20,20.0,190.0,오이도,,interchange,SE
수인분당선,B,A69500,21,31.0,190.0,정왕,한국산업기술대,interchange,N
수인분당선,B,A69500,22,39.0,190.0,신길온천,,interchange,N
수인분당선,B,A69500,23,46.0,190.0,안산,,interchange,N
수인분당선,B,A69500,24,52.0,190.0,초지,,interchange,SE
수인분당선,B,A69500,25,58.0,190.0,고잔,,interchange,N
수인분당선,B,A69500,26,64.0,190.0,중앙,,interchange,S
수인분당선,B,A69500,27,70.0,190.0,한대앞,,interchange,N
수인분당선,B,A69500,28,70.0,192.0,,,,
수인분당선,B,A69500,29,71.0,193.0,,,,
수인분당선,B,A69500,30,80.0,193.0,사리,,,S
수인분당선,B,A69500,31,91.0,193.0,야목,,,S
수인분당선,B,A69500,32,102.0,193.0,어천,,,S
수인분당선,B,A69500,33,113.0,193.0,오목천,,,S
수인분당선,B,A69500,34,124.0,193.0,고색,,,S
수인분당선,B,A69500,35,133.0,193.0,,,,
수인분당선,B,A69500,36,134.0,192.0,,,,
수인분당선,B,A69500,37,134.0,190.0,수원,,interchange,SE
수인분당선,B,A69500,38,134.0,182.0,매교,,,W
수인분당선,B,A69500,39,134.0,178.0,수원시청,,,W
수인분당선,B,A69500,40,134.0,175.0,,,,
수인분당선,B,A69500,41,135.0,174.0,,,,
수인분당선,B,A69500,42,139.0,174.0,매탄권선,,,N
수인분당선,B,A69500,43,147.0,174.0,망포,,,N
수인분당선,B,A69500,44,154.0,174.0,영통,,,N
수인분당선,B,A69500,45,160.0,174.0,청명,,,N
수인분당선,B,A69500,46,167.0,174.0,상갈,,,N
수인분당선,B,A69500,47,173.0,174.0,기흥,,interchange,N
수인분당선,B,A69500,48,179.0,174.0,신갈,,,N
수인분당선,B,A69500,49,188.0,174.0,구성,,interchange,NW
수인분당선,B,A69500,50,195.0,174.0,보정,,,N
수인분당선,B,A69500,51,202.0,174.0,죽전,,,N
수인분당선,B,A69500,52,209.0,174.0,오리,,,N
수인분당선,B,A69500,53,211.0,173.0,,,,
수인분당선,B,A69500,54,214.0,170.0,미금,,interchange,SE
수인분당선,B,A69500,55,218.0,166.0,정자,,interchange,E
수인분당선,B,A69500,56,222.0,162.0,,,,
수인분당선,B,A69500,57,224.0,161.0,,,,
수인분당선,B,A69500,58,227.0,161.0,수내,,,S
수인분당선,B,A69500,59,234.0,161.0,서현,,,S
수인분당선,B,A69500,60,242.0,161.0,이매,,interchange,NE
수인분당선,B,A69500,61,249.0,161.0,야탑,,,S
수인분당선,B,A69500,62,259.0,161.0,모란,,interchange,SW
수인분당선,B,A69500,63,266.0,161.0,태평,,,N
수인분당선,B,A69500,64,267.0,161.0,,,,
수인분당선,B,A69500,65,269.0,160.0,,,,
수인분당선,B,A69500,66,272.0,157.0,가천대,,,NW
수인분당선,B,A69500,67,276.0,153.0,,,,
수인분당선,B,A69500,68,277.0,153.0,복정,,interchange,NE
수인분당선,B,A69500,69,257.0,153.0,수서,,interchange,SE
수인분당선,B,A69500,70,239.0,153.0,대모산입구,,,N
수인분당선,B,A69500,71,227.0,153.0,개포동,,,N
수인분당선,B,A69500,72,215.0,153.0,구룡,,,N
수인분당선,B,A69500,73,204.0,153.0,,,,
수인분당선,B,A69500,74,203.0,152.0,,,,
수인분당선,B,A69500,75,203.0,145.0,도곡,,interchange,SE
수인분당선,B,A69500,76,203.0,140.0,한티,,,E
수인분당선,B,A69500,77,203.0,136.0,선릉,,interchange,NW
수인분당선,B,A69500,78,210.0,129.0,선정릉,,interchange,N
수인분당선,B,A69500,79,218.0,121.0,,,,
수인분당선,B,A69500,80,219.0,119.0,,,,
수인분당선,B,A69500,81,219.0,114.0,강남구청,,interchange,SE
수인분당선,B,A69500,82,212.0,107.0,압구정로데오,,,SW
수인분당선,B,A69500,83,202.0,97.0,서울숲,,,SW
수인분당선,B,A69500,84,199.0,94.0,,,,
수인분당선,B,A69500,85,198.0,92.0,,,,
수인분당선,B,A69500,86,198.0,78.0,왕십리,성동구청,interchange,NE
수인분당선,B,A69500,87,199.0,78.0,,,,
수인분당선,B,A69500,88,199.0,81.0,,,,
수인분당선,B,A69500,89,199.0,55.0,청량리,서울시립대입구,interchange,N
신분당선,S,CD2234,0,172.0,119.0,신사,,interchange,W
신분당선,S,CD2234,1,177.0,116.0,,,,
신분당선,S,CD2234,2,181.0,115.0,,,,
신분당선,S,CD2234,3,194.0,115.0,,,,
신분당선,S,CD2234,4,195.0,116.0,,,,
신분당선,S,CD2234,5,195.0,121.0,논현,,interchange,NE
신분당선,S,CD2234,6,195.0,130.0,신논현,,interchange,NE
신분당선,S,CD2234,7,184.0,136.0,강남,,interchange,N
신분당선,S,CD2234,8,184.0,145.0,양재,서초구청,interchange,SW
신분당선,S,CD2234,9,184.0,152.0,,,,
신분당선,S,CD2234,10,185.0,154.0,,,,
신분당선,S,CD2234,11,186.0,155.0,양재시민의숲,,,NE
신분당선,S,CD2234,12,190.0,159.0,,,,
신분당선,S,CD2234,13,192.0,160.0,,,,
신분당선,S,CD2234,14,196.0,160.0,청계산입구,,,N
신분당선,S,CD2234,15,209.0,160.0,판교,판교테크노밸리,interchange,N
신분당선,S,CD2234,16,216.5,165.7,,,,
신분당선,S,CD2234,17,216.8,166.0,정자,,interchange,E
신분당선,S,CD2234,18,213.0,169.8,미금,,interchange,SE
신분당선,S,CD2234,19,209.0,167.0,동천,,,N
신분당선,S,CD2234,20,202.0,167.0,수지구청,,,N
신분당선,S,CD2234,21,195.0,167.0,성복,,,N
신분당선,S,CD2234,22,188.0,167.0,상현,,,N
신분당선,S,CD2234,23,181.0,167.0,광교중앙,아주대,,N
신분당선,S,CD2234,24,174.0,167.0,광교,경기대,,N
신분당선,S,CD2234,25,164.0,167.0,,,,
경강선,KK,004EA7,0,210.0,160.0,판교,판교테크노밸리,interchange,N
경강선,KK,004EA7,1,210.0,159.0,,,,
경강선,KK,004EA7,2,230.0,159.0,성남,,interchange,NW
경강선,KK,004EA7,3,242.0,159.0,,,,
경강선,KK,004EA7,4,242.0,160.0,이매,,interchange,NE
경강선,KK,004EA7,5,242.0,168.0,삼동,,,E
경강선,KK,004EA7,6,242.0,174.0,,,,
경강선,KK,004EA7,7,243.0,175.0,,,,
경강선,KK,004EA7,8,249.0,175.0,경기광주,,,N
경강선,KK,004EA7,9,257.0,175.0,초월,,,N
경강선,KK,004EA7,10,265.0,175.0,곤지암,,,N
경강선,KK,004EA7,11,273.0,175.0,신둔도예촌,,,N
경강선,KK,004EA7,12,281.0,175.0,이천,,,N
경강선,KK,004EA7,13,289.0,175.0,부발,,,N
경강선,KK,004EA7,14,297.0,175.0,,,,
경강선,KK,004EA7,15,298.0,176.0,,,,
경강선,KK,004EA7,16,298.0,180.0,세종대왕릉,,,W
경강선,KK,004EA7,17,298.0,185.0,여주,,,W
경강선,KK,004EA7,18,298.0,190.0,,,,
용인경전철,E,36A805,0,173.0,174.0,기흥,,interchange,N
용인경전철,E,36A805,1,173.0,179.0,강남대,,,WS
용인경전철,E,36A805,2,173.0,181.0,,,,
용인경전철,E,36A805,3,174.0,182.0,,,,
용인경전철,E,36A805,4,177.0,182.0,지석,,,N
용인경전철,E,36A805,5,184.0,182.0,어정,,,N
용인경전철,E,36A805,6,191.0,182.0,동백,,,N
용인경전철,E,36A805,7,198.0,182.0,초당,,,N
용인경전철,E,36A805,8,205.0,182.0,삼가,,,N
용인경전철,E,36A805,9,213.0,182.0,시청·용인대,,,N
용인경전철,E,36A805,10,221.0,182.0,명지대,,,N
용인경전철,E,36A805,11,228.0,182.0,김량장,,,N
용인경전철,E,36A805,12,236.0,182.0,용인중앙시장,,,N
용인경전철,E,36A805,13,244.0,182.0,고진,,,N
용인경전철,E,36A805,14,251.0,182.0,보평,,,N
용인경전철,E,36A805,15,258.0,182.0,둔전,,,N
용인경전철,E,36A805,16,265.0,182.0,전대·에버랜드,,,N
용인경전철,E,36A805,17,275.0,182.0,,,,
우이신설경전철,W,878787,0,188.0,55.0,신설동,,interchange,S
우이신설경전철,W,878787,1,180.0,47.0,보문,,interchange,E
우이신설경전철,W,878787,2,175.0,42.0,,,,
우이신설경전철,W,878787,3,174.0,40.0,,,,
우이신설경전철,W,878787,4,174.0,34.0,성신여대입구,돈암,interchange,W
우이신설경전철,W,878787,5,168.0,28.0,정릉,국민대입구,,NE
우이신설경전철,W,878787,6,166.0,27.0,,,,
우이신설경전철,W,878787,7,163.0,27.0,북한산보국문,서경대,,S
우이신설경전철,W,878787,8,156.0,27.0,솔샘,,,S
우이신설경전철,W,878787,9,149.0,27.0,삼양사거리,,,S
우이신설경전철,W,878787,10,142.0,27.0,삼양,,,S
우이신설경전철,W,878787,11,136.0,27.0,화계,,,S
우이신설경전철,W,878787,12,130.0,27.0,가오리,,,S
우이신설경전철,W,878787,13,122.0,27.0,4·19민주묘지,덕성여대,,S
우이신설경전철,W,878787,14,121.0,27.0,,,,
우이신설경전철,W,878787,15,119.0,26.0,,,,
우이신설경전철,W,878787,16,115.0,22.0,솔밭공원,,,SW
우이신설경전철,W,878787,17,113.0,20.0,,,,
우이신설경전철,W,878787,18,111.0,19.0,,,,
우이신설경전철,W,878787,19,105.0,19.0,북한산우이,도선사입구,,S
우이신설경전철,W,878787,20,91.0,19.0,,,,
서해,SH,40A607,0,52.0,18.0,일산,,interchange,SW
서해,SH,40A607,1,52.0,22.0,풍산,,interchange,SW
서해,SH,40A607,2,52.0,26.0,백마,,interchange,SW
서해,SH,40A607,3,52.0,30.0,곡산,,interchange,SW
서해,SH,40A607,4,52.0,35.0,대곡,,interchange,SW
서해,SH,40A607,5,52.0,38.0,,,,
서해,SH,40A607,6,53.0,40.5,,,,
서해,SH,40A607,7,56.0,43.5,능곡,,interchange,SE
서해,SH,40A607,8,56.0,63.0,,,,
서해,SH,40A607,9,55.0,64.0,,,,
서해,SH,40A607,10,45.5,64.0,,,,
서해,SH,40A607,11,44.5,65.0,,,,
서해,SH,40A607,12,44.5,70.5,,,,
서해,SH,40A607,13,44.0,71.0,,,,
서해,SH,40A607,14,42.0,71.0,김포공항,,interchange,SE
서해,SH,40A607,15,37.0,71.0,,,,
서해,SH,40A607,16,36.0,72.0,,,,
서해,SH,40A607,17,36.0,94.0,,,,
서해,SH,40A607,18,37.0,95.0,,,,
서해,SH,40A607,19,41.0,95.0,원종,,,
서해,SH,40A607,20,57.0,95.0,,,,
서해,SH,40A607,21,62.0,103.0,,,,
서해,SH,40A607,22,62.0,108.0,,,,
서해,SH,40A607,23,61.0,109.0,,,,
서해,SH,40A607,24,58.0,109.0,부천종합운동장,,interchange,
서해,SH,40A607,25,52.0,112.0,,,,
서해,SH,40A607,26,52.0,114.0,,,,
서해,SH,40A607,27,52.0,128.0,,,,
서해,SH,40A607,28,53.0,129.0,,,,
서해,SH,40A607,29,56.0,129.0,,,,
서해,SH,40A607,30,57.0,130.0,소사,,interchange,
서해,SH,40A607,31,65.0,138.0,소새울,,,E
서해,SH,40A607,32,75.0,147.0,시흥대야,,,E
서해,SH,40A607,33,85.0,157.0,신천,,,E
서해,SH,40A607,34,89.0,161.0,,,,
서해,SH,40A607,35,91.0,164.0,,,,
서해,SH,40A607,36,91.0,167.0,신현,,,E
서해,SH,40A607,37,91.0,171.0,,,,
서해,SH,40A607,38,90.0,173.0,,,,
서해,SH,40A607,39,85.0,176.0,시흥시청,,,E
서해,SH,40A607,40,77.0,181.0,시흥능곡,,,E
서해,SH,40A607,41,75.0,182.0,,,,
서해,SH,40A607,42,71.0,183.0,,,,
서해,SH,40A607,43,64.0,183.0,달미,,,S
서해,SH,40A607,44,54.0,183.0,선부,,,S
서해,SH,40A607,45,53.0,183.0,,,,
서해,SH,40A607,46,52.0,184.0,,,,
서해,SH,40A607,47,52.0,188.0,초지,,interchange,SE
서해,SH,40A607,48,52.0,192.0,,,,
서해,SH,40A607,49,51.0,193.0,,,,
서해,SH,40A607,50,45.0,193.0,시우,,,S
서해,SH,40A607,51,38.0,193.0,원시,,,S
서해,SH,40A607,52,31.0,193.0,,,,
신림,SL,0781FA,0,108.7,105.0,샛강,,interchange,S
신림,SL,0781FA,1,102.5,110.0,대방,,interchange,SW
신림,SL,0781FA,2,102.5,119.0,"서울지방
병무청",,,W
신림,SL,0781FA,3,102.5,122.0,,,,
신림,SL,0781FA,4,103.0,123.0,,,,
신림,SL,0781FA,5,104.0,123.0,,,,
신림,SL,0781FA,6,105.0,124.0,,,,
신림,SL,0781FA,7,105.0,128.0,보라매,,interchange,NW
신림,SL,0781FA,8,105.0,130.0,보라매공원,,,E
신림,SL,0781FA,9,106.0,132.0,보라매병원,,,E
신림,SL,0781FA,10,108.0,134.0,당곡,,,E
신림,SL,0781FA,11,110.0,136.0,신림,,interchange,S
신림,SL,0781FA,12,115.0,142.0,서원,,,W
신림,SL,0781FA,13,117.0,144.0,,,,
신림,SL,0781FA,14,119.0,145.0,,,,
신림,SL,0781FA,15,121.0,145.0,서울대벤처타운,,,S
신림,SL,0781FA,16,127.0,145.0,관악산(서울대),,,N
신림,SL,0781FA,17,135.0,145.0,,,,
